{"metadata":{"asset_id":"b39248eb-f402-4a5c-9aba-85665f424dcd","asset_attributes":["notebook"],"name":"Data Collection with Web Scraping","asset_type":"notebook","created_at":"2022-08-03T17:58:41Z","description":"","origin_country":"us","owner_id":"IBMid-6650026L4K","project_id":"9654eac4-aed5-4ecc-b6a5-897b5d7c58c9","size":53464,"tags":["notebook"],"usage":{"last_update_time":1659554803293,"last_updated_at":"2022-08-03T19:26:43Z"}},"entity":{"notebook":{"kernel":{"name":"python3","display_name":"Python 3.9","language":"python"},"originates_from":{"type":"blank"},"runtime":{"environment":"conda2rt221-9654eac4-aed5-4ecc-b6a5-897b5d7c58c9"}}},"attachments":[{"id":"60346355-3d3a-49ae-86c9-45ce40f6972c","version":2,"asset_type":"notebook","name":"attachment for notebook b39248eb-f402-4a5c-9aba-85665f424dcd","description":"attachment for notebook b39248eb-f402-4a5c-9aba-85665f424dcd","mime":"application/json","datasource_type":"193a97c1-4475-4a19-b90c-295c4fdc6517","object_key":"notebook/Data_Collection_with_Web_Scraping_hqQqcYzmD.ipynb","creator_id":"IBMid-6650026L4K","create_time":1659549522521,"size":53464,"is_remote":false,"is_managed":false,"is_referenced":true,"is_object_key_read_only":false,"is_user_provided_path_key":true,"transfer_complete":true,"is_partitioned":false,"complete_time_ticks":1659549522521,"user_data":{},"test_doc":0,"handle":{"bucket":"appliedcapstonefordatascienceproj-donotdelete-pr-mwrv7o5vstkepw","location":"eu-geo","key":"notebook/Data_Collection_with_Web_Scraping_hqQqcYzmD.ipynb","upload_id":"done","max_part_num":1},"usage":{"access_count":20,"last_accessor_id":"IBMid-6650026L4K","last_access_time":1659554803289,"last_updater_id":"IBMid-6650026L4K","last_update_time":1659554803289}}]}
