{"metadata":{"asset_id":"ab7f8ea6-9677-496d-ac33-b7077f05d8ff","asset_attributes":["notebook"],"name":"Final_Assignment","asset_type":"notebook","created_at":"2022-08-03T17:00:11Z","description":"","origin_country":"us","owner_id":"IBMid-6650026L4K","project_id":"9654eac4-aed5-4ecc-b6a5-897b5d7c58c9","size":480682,"tags":["notebook"],"usage":{"last_update_time":1659549463889,"last_updated_at":"2022-08-03T17:57:43Z"}},"entity":{"notebook":{"kernel":{"name":"python3","display_name":"Python 3.9","language":"python"},"originates_from":{"type":"blank"},"runtime":{"environment":"conda2rt221-9654eac4-aed5-4ecc-b6a5-897b5d7c58c9"}}},"attachments":[{"id":"e3f490c6-b870-4048-a140-b03191393fc4","version":2,"asset_type":"notebook","name":"attachment for notebook ab7f8ea6-9677-496d-ac33-b7077f05d8ff","description":"attachment for notebook ab7f8ea6-9677-496d-ac33-b7077f05d8ff","mime":"application/json","datasource_type":"193a97c1-4475-4a19-b90c-295c4fdc6517","object_key":"notebook/Final_Assignment_USAN1cBtK.ipynb","creator_id":"IBMid-6650026L4K","create_time":1659546012416,"size":480682,"is_remote":false,"is_managed":false,"is_referenced":true,"is_object_key_read_only":false,"is_user_provided_path_key":true,"transfer_complete":true,"is_partitioned":false,"complete_time_ticks":1659546012416,"user_data":{},"test_doc":0,"handle":{"bucket":"appliedcapstonefordatascienceproj-donotdelete-pr-mwrv7o5vstkepw","location":"eu-geo","key":"notebook/Final_Assignment_USAN1cBtK.ipynb","upload_id":"done","max_part_num":1},"usage":{"access_count":19,"last_accessor_id":"IBMid-6650026L4K","last_access_time":1659549275495,"last_updater_id":"IBMid-6650026L4K","last_update_time":1659549275495}}]}
