{"metadata":{"asset_id":"3d6efa97-9659-477a-9dbc-36b177e2faa4","asset_attributes":["notebook"],"name":"Machine Learning Prediction","asset_type":"notebook","created_at":"2022-08-04T02:44:10Z","description":"","origin_country":"us","owner_id":"IBMid-6650026L4K","project_id":"9654eac4-aed5-4ecc-b6a5-897b5d7c58c9","size":92467,"tags":["notebook"],"usage":{"last_update_time":1659581050815,"last_updated_at":"2022-08-04T02:44:10Z"}},"entity":{"notebook":{"kernel":"","originates_from":{"type":"blank"},"runtime":{"environment":"conda2rt221-9654eac4-aed5-4ecc-b6a5-897b5d7c58c9"}}},"attachments":[{"id":"40045d5f-2730-4bab-9001-fff0dcedd9a4","version":2,"asset_type":"notebook","name":"attachment for notebook 3d6efa97-9659-477a-9dbc-36b177e2faa4","description":"attachment for notebook 3d6efa97-9659-477a-9dbc-36b177e2faa4","mime":"application/json","datasource_type":"193a97c1-4475-4a19-b90c-295c4fdc6517","object_key":"notebook/Machine_Learning_Prediction_E7ZS-ngNT.ipynb","creator_id":"IBMid-6650026L4K","create_time":1659581050814,"size":92467,"is_remote":false,"is_managed":false,"is_referenced":true,"is_object_key_read_only":false,"is_user_provided_path_key":true,"transfer_complete":true,"is_partitioned":false,"complete_time_ticks":1659581050814,"user_data":{},"test_doc":0,"handle":{"bucket":"appliedcapstonefordatascienceproj-donotdelete-pr-mwrv7o5vstkepw","location":"eu-geo","key":"notebook/Machine_Learning_Prediction_E7ZS-ngNT.ipynb","upload_id":"done","max_part_num":1},"usage":{"access_count":0,"last_accessor_id":"IBMid-6650026L4K","last_access_time":1659581050814}}]}
