{"metadata":{"asset_id":"3263ff34-6e57-4c81-8060-6c8c62d574a4","asset_attributes":["notebook"],"name":"Week3Pt2","asset_type":"notebook","created_at":"2022-08-04T01:22:56Z","description":"","origin_country":"us","owner_id":"IBMid-6650026L4K","project_id":"9654eac4-aed5-4ecc-b6a5-897b5d7c58c9","size":61071,"tags":["notebook"],"usage":{"last_update_time":1659576177339,"last_updated_at":"2022-08-04T01:22:57Z"}},"entity":{"notebook":{"kernel":"","originates_from":{"type":"blank"},"runtime":{"environment":"conda2rt221-9654eac4-aed5-4ecc-b6a5-897b5d7c58c9"}}},"attachments":[{"id":"0ce0a0c9-73f3-4dc5-9101-e98b09371a90","version":2,"asset_type":"notebook","name":"attachment for notebook 3263ff34-6e57-4c81-8060-6c8c62d574a4","description":"attachment for notebook 3263ff34-6e57-4c81-8060-6c8c62d574a4","mime":"application/json","datasource_type":"193a97c1-4475-4a19-b90c-295c4fdc6517","object_key":"notebook/Week3Pt2_2IniDjKhb.ipynb","creator_id":"IBMid-6650026L4K","create_time":1659576177338,"size":61071,"is_remote":false,"is_managed":false,"is_referenced":true,"is_object_key_read_only":false,"is_user_provided_path_key":true,"transfer_complete":true,"is_partitioned":false,"complete_time_ticks":1659576177338,"user_data":{},"test_doc":0,"handle":{"bucket":"appliedcapstonefordatascienceproj-donotdelete-pr-mwrv7o5vstkepw","location":"eu-geo","key":"notebook/Week3Pt2_2IniDjKhb.ipynb","upload_id":"done","max_part_num":1},"usage":{"access_count":0,"last_accessor_id":"IBMid-6650026L4K","last_access_time":1659576177338}}]}
