{"metadata":{"asset_id":"186b660d-11ca-4a53-a711-dc5e2935da5b","asset_attributes":["notebook"],"name":"EDA with Visualization","asset_type":"notebook","created_at":"2022-08-03T23:25:08Z","description":"","origin_country":"us","owner_id":"IBMid-6650026L4K","project_id":"9654eac4-aed5-4ecc-b6a5-897b5d7c58c9","size":195664,"tags":["notebook"],"usage":{"last_update_time":1659572444286,"last_updated_at":"2022-08-04T00:20:44Z"}},"entity":{"notebook":{"kernel":{"name":"python3","display_name":"Python 3.9","language":"python"},"originates_from":{"type":"blank"},"runtime":{"environment":"conda2rt221-9654eac4-aed5-4ecc-b6a5-897b5d7c58c9"}}},"attachments":[{"id":"168fc6be-724c-4986-b634-f145075c129d","version":2,"asset_type":"notebook","name":"attachment for notebook 186b660d-11ca-4a53-a711-dc5e2935da5b","description":"attachment for notebook 186b660d-11ca-4a53-a711-dc5e2935da5b","mime":"application/json","datasource_type":"193a97c1-4475-4a19-b90c-295c4fdc6517","object_key":"notebook/EDA_with_Visualization__gOuekta2.ipynb","creator_id":"IBMid-6650026L4K","create_time":1659569108942,"size":195664,"is_remote":false,"is_managed":false,"is_referenced":true,"is_object_key_read_only":false,"is_user_provided_path_key":true,"transfer_complete":true,"is_partitioned":false,"complete_time_ticks":1659569108942,"user_data":{},"test_doc":0,"handle":{"bucket":"appliedcapstonefordatascienceproj-donotdelete-pr-mwrv7o5vstkepw","location":"eu-geo","key":"notebook/EDA_with_Visualization__gOuekta2.ipynb","upload_id":"done","max_part_num":1},"usage":{"access_count":4,"last_accessor_id":"IBMid-6650026L4K","last_access_time":1659572444282,"last_updater_id":"IBMid-6650026L4K","last_update_time":1659572444282}}]}
