{"metadata":{"asset_id":"0dc24eff-21e0-42c8-93ca-60aa7caed3ea","asset_attributes":["notebook"],"name":"EDA","asset_type":"notebook","created_at":"2022-08-03T22:30:31Z","description":"","origin_country":"us","owner_id":"IBMid-6650026L4K","project_id":"9654eac4-aed5-4ecc-b6a5-897b5d7c58c9","size":27253,"tags":["notebook"],"usage":{"last_update_time":1659568844987,"last_updated_at":"2022-08-03T23:20:44Z"}},"entity":{"notebook":{"kernel":{"name":"python3","display_name":"Python 3.9","language":"python"},"originates_from":{"type":"blank"},"runtime":{"environment":"conda2rt221-9654eac4-aed5-4ecc-b6a5-897b5d7c58c9"}}},"attachments":[{"id":"2add0a7f-290c-4aab-b6a6-bab231daae96","version":2,"asset_type":"notebook","name":"attachment for notebook 0dc24eff-21e0-42c8-93ca-60aa7caed3ea","description":"attachment for notebook 0dc24eff-21e0-42c8-93ca-60aa7caed3ea","mime":"application/json","datasource_type":"193a97c1-4475-4a19-b90c-295c4fdc6517","object_key":"notebook/EDA_ZSlPn0UZq.ipynb","creator_id":"IBMid-6650026L4K","create_time":1659565832308,"size":27253,"is_remote":false,"is_managed":false,"is_referenced":true,"is_object_key_read_only":false,"is_user_provided_path_key":true,"transfer_complete":true,"is_partitioned":false,"complete_time_ticks":1659565832308,"user_data":{},"test_doc":0,"handle":{"bucket":"appliedcapstonefordatascienceproj-donotdelete-pr-mwrv7o5vstkepw","location":"eu-geo","key":"notebook/EDA_ZSlPn0UZq.ipynb","upload_id":"done","max_part_num":1},"usage":{"access_count":9,"last_accessor_id":"IBMid-6650026L4K","last_access_time":1659568844987,"last_updater_id":"IBMid-6650026L4K","last_update_time":1659568844987}}]}
