{"metadata":{"asset_id":"edc1f364-ae49-49e8-a97d-7b4541865bff","asset_attributes":["notebook"],"name":"Wrangling","asset_type":"notebook","created_at":"2022-08-03T21:26:26Z","description":"","origin_country":"us","owner_id":"IBMid-6650026L4K","project_id":"9654eac4-aed5-4ecc-b6a5-897b5d7c58c9","size":33854,"tags":["notebook"],"usage":{"last_update_time":1659565265180,"last_updated_at":"2022-08-03T22:21:05Z"}},"entity":{"notebook":{"kernel":{"name":"python3","display_name":"Python 3.9","language":"python"},"originates_from":{"type":"blank"},"runtime":{"environment":"conda2rt221-9654eac4-aed5-4ecc-b6a5-897b5d7c58c9"}}},"attachments":[{"id":"e6529704-6a7f-4ec3-b512-fb33a8dd0a04","version":2,"asset_type":"notebook","name":"attachment for notebook edc1f364-ae49-49e8-a97d-7b4541865bff","description":"attachment for notebook edc1f364-ae49-49e8-a97d-7b4541865bff","mime":"application/json","datasource_type":"193a97c1-4475-4a19-b90c-295c4fdc6517","object_key":"notebook/Wrangling_HIb6c6YeD.ipynb","creator_id":"IBMid-6650026L4K","create_time":1659561986743,"size":33854,"is_remote":false,"is_managed":false,"is_referenced":true,"is_object_key_read_only":false,"is_user_provided_path_key":true,"transfer_complete":true,"is_partitioned":false,"complete_time_ticks":1659561986743,"user_data":{},"test_doc":0,"handle":{"bucket":"appliedcapstonefordatascienceproj-donotdelete-pr-mwrv7o5vstkepw","location":"eu-geo","key":"notebook/Wrangling_HIb6c6YeD.ipynb","upload_id":"done","max_part_num":1},"usage":{"access_count":7,"last_accessor_id":"IBMid-6650026L4K","last_access_time":1659565265178,"last_updater_id":"IBMid-6650026L4K","last_update_time":1659565265178}}]}
